altitude,wind_speed,temperature,pressure,turbulence
30209,137,-35,278,2
25437,132,-44,232,2
35563,148,-47,251,2
27857,69,-36,278,0
28614,110,-43,276,1
28909,86,-37,245,0
29065,106,-31,248,1
35317,105,-53,250,1
35135,117,-54,230,1
28971,87,-51,278,0
27323,72,-33,273,0
32260,144,-45,239,2
31265,87,-40,253,0
26327,86,-51,241,0
29263,128,-38,243,2
27616,134,-58,278,2
34837,101,-40,278,1
26193,112,-31,259,1
38218,90,-40,234,0
36938,104,-49,237,1
35323,104,-33,237,1
31755,59,-52,233,0
33071,76,-50,267,0
27760,128,-32,273,2
34844,127,-49,279,2
27749,132,-46,248,2
36096,92,-51,256,1
29316,58,-38,262,0
33141,76,-38,277,0
32512,137,-46,258,2
34022,123,-42,248,2
35328,128,-36,254,2
37618,69,-39,266,0
27626,53,-51,277,0
34954,102,-42,252,1
33159,76,-43,240,0
29744,105,-57,263,1
26436,55,-54,234,0
31356,87,-42,272,0
35532,136,-46,251,2
36382,86,-50,249,0
29110,75,-53,238,0
36909,107,-34,233,1
25929,98,-43,268,1
36250,126,-32,255,2
38186,123,-54,275,2
39545,130,-32,272,2
33365,57,-46,238,0
32508,85,-55,268,0
38952,89,-43,234,0
26902,73,-58,265,0
37966,109,-50,257,1
32608,76,-52,241,0
31194,120,-38,237,1
34581,131,-39,251,2
35640,55,-60,267,0
34896,63,-34,238,0
31501,123,-56,245,2
39960,129,-42,279,2
25167,51,-40,275,0
30802,50,-41,253,0
28793,92,-43,275,1
27259,128,-42,249,2
32255,60,-46,246,0
33675,117,-49,239,1
35182,113,-50,235,1
35368,99,-38,256,1
27338,112,-39,242,1
39941,78,-45,240,0
33073,104,-46,273,1
34014,135,-42,264,2
32514,126,-59,260,2
25743,62,-44,257,0
30223,84,-41,257,0
30994,116,-37,265,1
28488,103,-48,249,1
28130,74,-56,232,0
35516,111,-59,252,1
38645,74,-41,269,0
37951,94,-31,235,1
30776,94,-47,245,1
29055,146,-31,240,2
35269,90,-55,266,0
27370,60,-59,252,0
31533,146,-47,263,2
25006,124,-35,247,2
31723,90,-55,235,0
33238,55,-56,270,0
34368,140,-31,242,2
32030,70,-60,268,0
34941,92,-57,245,1
30124,105,-45,238,1
32696,65,-31,248,0
35027,144,-42,259,2
26322,123,-32,270,2
33653,144,-47,246,2
37695,106,-51,257,1
25446,59,-41,261,0
28513,51,-42,243,0
30872,88,-46,230,0
34115,140,-52,235,2
31448,53,-53,273,0
30261,66,-57,266,0
29103,62,-40,240,0
36193,128,-39,262,2
35871,96,-34,234,1
38841,133,-38,253,2
28095,149,-55,263,2
33723,50,-31,265,0
31637,131,-32,252,2
38069,122,-42,249,2
29384,83,-45,279,0
27970,102,-60,277,1
37686,66,-52,254,0
25850,106,-57,265,1
28341,118,-49,259,1
34554,79,-52,237,0
31297,96,-44,273,1
38342,82,-59,253,0
37634,75,-54,232,0
34783,103,-31,234,1
38357,68,-59,239,0
27555,138,-35,254,2
25614,115,-33,271,1
26616,146,-51,252,2
35819,94,-35,257,1
39107,73,-39,239,0
27755,148,-36,242,2
38413,52,-50,248,0
37821,94,-56,270,1
36888,146,-32,263,2
26082,120,-56,236,1
37482,145,-34,275,2
37805,84,-34,242,0
39580,129,-55,237,2
37099,86,-54,256,0
35919,143,-38,237,2
35888,93,-55,255,1
28800,66,-36,273,0
36535,71,-41,248,0
27322,97,-59,241,1
34997,56,-56,267,0
35946,89,-50,260,0
26168,78,-42,270,0
27466,120,-41,275,1
27287,134,-38,254,2
33607,67,-52,244,0
28679,148,-34,235,2
31414,57,-37,262,0
38977,50,-54,278,0
26744,91,-40,277,1
35771,117,-54,262,1
34279,106,-32,269,1
31549,104,-32,260,1
29200,66,-50,257,0
30632,115,-45,239,1
30478,102,-43,276,1
26541,134,-57,231,2
25446,149,-60,242,2
28333,58,-44,277,0
37582,94,-46,257,1
27482,118,-32,247,1
39080,56,-50,275,0
32876,102,-43,254,1
26704,135,-54,279,2
37027,68,-32,278,0
27972,89,-40,261,0
32385,78,-34,251,0
26032,91,-54,249,1
38819,84,-44,230,0
28853,87,-46,232,0
32492,65,-34,232,0
36630,88,-43,252,0
30112,68,-33,244,0
35556,74,-32,271,0
29314,117,-55,249,1
30545,130,-39,275,2
37863,81,-31,251,0
31538,52,-47,230,0
25477,95,-60,278,1
27400,57,-44,236,0
26282,60,-58,238,0
32784,70,-39,260,0
25643,144,-39,235,2
33272,111,-39,265,1
32925,53,-43,279,0
37869,113,-48,265,1
39635,95,-52,254,1
37915,66,-56,263,0
32942,142,-59,257,2
28224,63,-48,260,0
32786,136,-40,269,2
31851,105,-43,270,1
37906,88,-32,259,0
36444,67,-32,230,0
37792,123,-56,272,2
34579,87,-40,277,0
33167,84,-48,266,0
27578,141,-35,254,2
29733,90,-41,259,0
36625,94,-58,269,1
26343,71,-51,271,0
31308,54,-59,246,0
35263,106,-33,258,1
30267,97,-44,279,1
39192,84,-53,239,0
32584,60,-33,271,0
39518,89,-33,253,0
35987,50,-49,262,0
30598,59,-38,244,0
39808,109,-34,260,1
36140,96,-33,277,1
31113,142,-41,251,2
32984,73,-53,273,0
31443,119,-48,236,1
31719,67,-56,275,0
25950,53,-53,277,0
28953,98,-38,272,1
33379,94,-56,250,1
37942,61,-54,256,0
39830,118,-56,248,1
33391,140,-53,269,2
37709,58,-40,251,0
25870,122,-56,269,2
33428,69,-54,238,0
25144,80,-35,245,0
33760,135,-47,269,2
33440,50,-38,257,0
36712,86,-40,232,0
32811,126,-46,242,2
32258,76,-48,272,0
39176,57,-49,233,0
35782,62,-42,255,0
25599,63,-53,274,0
32393,65,-47,279,0
31840,79,-39,232,0
26777,62,-55,278,0
35251,53,-51,255,0
37183,89,-38,253,0
30902,114,-60,247,1
35964,105,-36,240,1
38259,68,-56,262,0
33732,64,-32,272,0
29871,111,-52,244,1
25464,76,-40,279,0
37930,95,-59,231,1
31182,149,-44,266,2
29324,97,-34,243,1
25088,73,-46,255,0
26477,61,-40,231,0
35825,56,-49,260,0
36533,105,-58,263,1
35193,77,-58,262,0
29061,100,-58,243,1
30684,68,-41,266,0
30416,136,-31,259,2
29914,56,-46,278,0
29093,73,-32,264,0
36153,50,-39,264,0
31736,71,-38,241,0
35096,54,-40,273,0
36995,89,-31,274,0
25632,130,-40,265,2
30486,103,-60,247,1
27457,59,-47,250,0
35531,83,-32,266,0
28957,136,-31,276,2
38717,92,-42,240,1
33469,112,-52,236,1
25484,123,-53,275,2
31540,65,-55,277,0
25019,108,-45,257,1
25542,63,-43,264,0
32511,125,-49,259,2
25229,126,-55,233,2
37781,145,-32,262,2
26415,108,-33,276,1
39805,85,-42,262,0
35638,61,-58,277,0
29539,57,-37,267,0
33357,146,-42,258,2
38380,106,-47,270,1
37690,135,-58,273,2
37693,91,-55,257,1
33443,136,-50,268,2
31363,143,-49,233,2
30825,75,-39,244,0
35959,137,-50,277,2
38058,94,-59,241,1
33445,80,-37,274,0
25294,63,-46,261,0
38955,67,-40,264,0
31226,96,-37,230,1
31638,85,-55,246,0
32308,57,-39,247,0
30429,133,-53,250,2
26515,130,-42,255,2
36439,148,-60,245,2
37202,134,-33,242,2
28328,134,-36,273,2
37772,94,-37,276,1
27708,144,-53,247,2
38633,142,-60,273,2
29919,95,-50,279,1
26285,51,-57,270,0
30539,55,-46,234,0
36145,148,-60,242,2
29814,72,-48,230,0
26509,135,-52,232,2
37418,149,-51,267,2
31467,108,-54,270,1
25681,122,-58,268,2
32159,139,-35,270,2
37335,86,-51,271,0
26748,125,-48,249,2
26609,123,-41,250,2
25241,83,-47,237,0
38181,91,-32,272,1
38591,127,-55,271,2
27777,57,-49,242,0
27648,128,-36,253,2
38056,58,-35,245,0
31940,66,-40,247,0
29743,103,-44,233,1
35008,60,-38,273,0
39660,126,-47,252,2
29315,103,-35,272,1
31200,83,-50,242,0
26711,110,-56,241,1
35290,135,-55,238,2
33724,123,-49,278,2
30488,63,-54,231,0
39513,57,-35,243,0
36978,137,-40,250,2
26104,98,-49,263,1
38994,114,-47,233,1
32327,81,-53,264,0
32516,52,-59,246,0
25081,51,-55,248,0
38864,115,-50,234,1
37907,106,-45,233,1
28996,100,-35,245,1
35679,149,-52,230,2
26742,112,-44,234,1
31190,143,-38,279,2
34887,100,-60,234,1
33214,61,-35,245,0
32703,54,-33,262,0
38459,138,-54,243,2
28633,117,-32,240,1
33775,144,-59,243,2
30320,142,-50,239,2
29249,65,-58,251,0
37073,57,-51,245,0
37205,113,-35,232,1
25372,114,-55,257,1
28259,136,-56,272,2
33188,139,-55,272,2
27259,62,-34,245,0
30089,135,-47,243,2
25196,72,-46,271,0
37820,115,-47,249,1
36839,147,-35,241,2
38418,148,-54,230,2
26399,67,-60,254,0
35291,106,-50,234,1
32738,146,-47,274,2
34303,73,-53,260,0
38965,90,-34,275,0
35841,103,-35,272,1
37785,132,-44,258,2
36191,137,-39,257,2
38702,122,-40,263,2
28458,55,-44,249,0
30159,144,-35,236,2
25952,120,-36,263,1
33046,135,-53,230,2
31117,66,-36,269,0
26593,145,-39,234,2
32631,99,-43,272,1
29997,54,-42,246,0
39428,122,-43,263,2
26536,68,-45,235,0
27731,99,-53,239,1
39861,131,-45,279,2
31205,68,-50,253,0
37355,121,-34,265,2
32978,118,-37,264,1
32456,119,-44,268,1
39416,115,-44,243,1
27785,146,-34,238,2
38881,97,-36,268,1
34169,62,-31,252,0
28916,75,-37,272,0
34154,146,-42,270,2
35194,144,-33,279,2
26168,103,-31,232,1
39070,63,-52,256,0
37411,72,-52,257,0
34655,142,-49,232,2
34186,141,-56,273,2
31388,122,-57,269,2
26875,52,-46,260,0
27288,87,-54,230,0
27713,148,-39,248,2
26365,140,-50,254,2
35533,149,-54,233,2
29798,78,-50,252,0
27482,115,-57,250,1
27306,52,-51,234,0
31144,148,-45,237,2
36921,100,-38,265,1
36311,144,-56,248,2
34202,66,-38,277,0
30355,133,-53,247,2
25548,107,-45,237,1
35443,84,-54,274,0
35119,84,-39,251,0
30510,81,-52,232,0
34883,115,-46,236,1
33109,103,-35,243,1
30812,96,-37,244,1
31856,148,-37,255,2
29194,99,-31,258,1
27887,97,-32,268,1
29143,139,-47,257,2
28906,147,-60,263,2
33834,134,-42,243,2
32772,89,-45,258,0
36182,92,-41,279,1
26829,146,-46,270,2
38619,116,-59,260,1
38426,55,-33,242,0
28266,102,-42,231,1
29558,66,-35,267,0
32399,65,-53,237,0
33870,121,-40,274,2
36536,138,-60,250,2
32402,56,-32,274,0
38479,116,-58,272,1
31331,125,-41,262,2
25552,136,-44,231,2
39964,58,-51,267,0
25028,65,-57,238,0
27186,59,-43,238,0
31657,91,-54,239,1
27031,134,-55,274,2
31477,101,-47,249,1
38631,117,-43,263,1
38540,110,-46,240,1
38505,109,-34,273,1
29467,53,-39,258,0
31754,124,-36,255,2
25706,110,-33,264,1
31236,77,-53,271,0
38067,136,-57,264,2
39675,50,-52,275,0
36249,117,-57,250,1
34113,109,-47,269,1
35100,65,-60,239,0
35172,79,-53,276,0
27139,87,-60,239,0
37927,120,-34,274,1
37316,68,-45,273,0
30363,82,-47,276,0
33809,66,-43,232,0
33550,139,-36,265,2
35084,109,-42,235,1
38876,101,-44,276,1
33848,124,-60,265,2
39950,104,-38,234,1
29365,67,-51,255,0
36899,70,-31,266,0
27454,56,-47,263,0
34755,123,-37,263,2
39655,74,-49,230,0
32657,76,-47,260,0
31737,118,-60,246,1
33530,83,-33,251,0
29354,110,-34,260,1
36400,60,-46,269,0
34597,146,-37,233,2
34994,141,-42,278,2
36134,126,-45,255,2
37272,83,-44,269,0
25566,56,-60,245,0
37956,53,-45,275,0
38259,118,-34,275,1
33303,99,-59,240,1
25641,124,-37,236,2
33165,50,-43,276,0
30229,70,-42,264,0
26730,137,-46,245,2
26402,113,-38,243,1
29997,133,-36,246,2
33183,99,-51,239,1
37766,69,-57,243,0
33887,107,-34,256,1
38054,81,-43,240,0
34407,90,-44,237,0
37772,78,-56,266,0
39182,51,-45,264,0
25276,65,-47,266,0
36664,148,-37,267,2
38015,93,-52,235,1
30694,97,-50,239,1
28692,51,-36,268,0
31566,101,-43,246,1
38251,106,-43,252,1
37896,102,-31,257,1
31259,72,-34,264,0
25087,137,-40,272,2
27314,119,-52,272,1
26329,144,-52,250,2
36392,126,-59,246,2
31082,69,-47,256,0
30088,99,-37,264,1
34305,59,-55,260,0
35474,114,-38,274,1
34841,74,-51,272,0
39016,59,-60,255,0
35364,105,-39,257,1
32457,115,-45,243,1
39396,75,-31,277,0
31924,127,-40,265,2
28575,71,-48,274,0
26421,73,-37,253,0
30905,90,-32,261,0
34836,141,-40,241,2
35228,110,-37,244,1
30504,135,-60,258,2
36550,94,-46,240,1
39995,124,-58,251,2
35047,143,-37,259,2
34287,63,-35,247,0
39844,73,-49,248,0
31719,100,-44,232,1
35431,64,-48,235,0
30419,142,-56,252,2
26467,62,-36,254,0
26304,149,-56,257,2
37428,91,-59,267,1
27617,99,-39,270,1
37869,78,-44,255,0
39866,123,-39,232,2
31322,148,-38,243,2
32337,99,-34,268,1
37181,145,-35,244,2
36265,59,-52,279,0
30306,54,-41,269,0
33308,97,-39,264,1
33003,50,-56,271,0
31506,139,-44,255,2
29395,135,-44,241,2
28015,88,-34,259,0
27836,144,-49,271,2
39922,116,-31,248,1
31985,91,-51,273,1
31323,52,-39,243,0
32787,97,-58,234,1
30036,125,-55,234,2
39558,141,-45,251,2
35785,113,-57,245,1
28613,83,-34,258,0
35856,61,-41,265,0
35073,128,-56,231,2
36248,84,-59,269,0
29051,149,-40,266,2
34585,86,-52,277,0
38067,139,-33,268,2
39741,148,-50,266,2
25922,53,-52,230,0
26346,147,-44,247,2
32274,106,-56,275,1
25639,131,-52,245,2
33849,122,-39,236,2
32457,72,-56,235,0
30660,72,-39,270,0
33000,76,-46,247,0
36348,129,-48,257,2
29662,76,-43,235,0
38461,59,-46,245,0
35054,63,-51,274,0
36491,80,-40,267,0
34774,144,-32,251,2
25801,99,-35,271,1
36785,54,-46,238,0
36897,97,-34,259,1
32460,122,-54,242,2
30271,88,-44,239,0
31747,116,-38,238,1
25059,131,-52,257,2
34504,95,-60,259,1
31697,89,-44,258,0
30751,126,-31,258,2
34743,80,-53,257,0
31808,135,-34,279,2
30960,137,-53,273,2
35874,111,-38,265,1
28304,90,-53,271,0
38410,97,-60,270,1
39088,145,-55,258,2
34367,135,-56,271,2
30489,129,-33,265,2
36442,85,-49,254,0
35799,87,-55,235,0
32736,140,-31,279,2
31255,83,-60,234,0
28778,109,-59,251,1
31499,130,-32,257,2
30910,142,-56,245,2
39414,144,-34,244,2
26023,141,-58,272,2
25665,108,-33,277,1
29293,132,-38,239,2
27485,106,-46,239,1
31126,92,-44,270,1
39797,131,-49,246,2
38547,135,-47,273,2
34394,122,-58,243,2
27130,143,-58,267,2
32995,140,-52,232,2
36791,106,-56,236,1
32777,50,-35,259,0
34780,91,-31,233,1
34413,130,-55,261,2
25328,101,-34,260,1
29770,50,-44,271,0
34890,147,-54,251,2
28305,80,-46,249,0
33277,83,-45,254,0
34984,107,-58,262,1
38388,142,-48,270,2
35226,59,-49,242,0
39238,102,-54,259,1
36247,140,-56,270,2
34242,93,-37,241,1
37014,92,-55,273,1
31873,90,-48,253,0
27714,69,-51,255,0
32149,50,-58,235,0
27277,114,-47,230,1
33041,142,-45,266,2
37463,69,-37,279,0
38366,143,-60,274,2
29640,90,-52,267,0
30131,135,-59,230,2
25735,75,-31,234,0
36138,58,-45,233,0
30976,51,-38,251,0
30044,57,-36,265,0
35347,56,-57,267,0
29191,79,-46,269,0
32983,95,-31,238,1
32656,131,-43,267,2
27146,85,-35,251,0
37622,113,-48,267,1
38736,79,-45,268,0
26664,89,-46,257,0
31798,135,-52,238,2
25991,68,-43,278,0
35249,130,-43,253,2
30971,145,-56,244,2
35541,145,-58,278,2
35370,130,-41,277,2
30065,142,-38,273,2
28170,104,-49,271,1
37022,130,-59,265,2
28660,88,-52,234,0
32722,115,-44,249,1
25352,124,-56,237,2
34757,95,-44,230,1
32388,65,-49,246,0
26503,74,-41,246,0
28149,140,-50,261,2
39710,111,-40,243,1
26123,56,-44,244,0
28045,53,-43,273,0
26929,70,-34,276,0
35499,105,-52,241,1
34903,72,-46,245,0
26867,121,-45,265,2
30127,134,-60,257,2
25908,116,-34,242,1
33517,93,-60,270,1
29101,136,-50,268,2
27215,73,-48,264,0
27508,80,-54,233,0
34646,85,-42,276,0
35725,66,-31,237,0
31995,136,-35,269,2
34245,90,-56,258,0
34526,52,-60,257,0
36923,83,-57,241,0
25585,139,-34,236,2
29591,70,-49,273,0
28368,58,-32,247,0
25935,78,-46,236,0
31800,72,-41,230,0
28937,77,-39,246,0
26602,148,-35,236,2
33760,78,-49,265,0
32071,87,-54,240,0
30767,57,-49,253,0
33328,107,-40,242,1
39375,130,-50,244,2
27788,95,-57,265,1
29298,62,-48,248,0
36087,88,-57,242,0
29561,60,-59,245,0
31716,104,-52,232,1
30715,136,-39,239,2
33413,122,-44,240,2
31687,50,-58,261,0
32288,130,-50,252,2
26860,70,-42,230,0
27986,148,-40,238,2
37578,132,-60,271,2
35684,128,-47,275,2
28877,89,-55,240,0
28882,66,-41,252,0
25403,90,-32,264,0
31241,59,-40,245,0
32291,57,-44,235,0
35299,99,-50,236,1
36939,97,-45,231,1
30352,64,-33,263,0
31028,148,-46,254,2
33176,132,-54,263,2
36716,142,-56,230,2
29515,75,-36,233,0
25273,118,-50,240,1
37499,97,-55,278,1
30346,91,-36,239,1
28775,97,-58,230,1
33457,88,-31,252,0
32717,97,-52,246,1
25404,116,-53,268,1
33737,66,-39,235,0
31399,55,-35,244,0
36140,50,-37,270,0
32471,108,-43,241,1
34235,125,-49,269,2
27809,127,-43,267,2
33747,122,-59,264,2
32096,126,-39,261,2
33398,142,-49,261,2
34679,115,-42,262,1
28523,137,-38,272,2
33767,119,-58,257,1
30375,138,-40,251,2
28065,73,-53,256,0
31506,143,-36,240,2
36853,122,-32,236,2
28231,98,-54,279,1
34961,112,-43,270,1
27767,70,-32,262,0
27706,99,-53,236,1
38824,129,-42,269,2
26682,112,-58,266,1
28976,108,-58,263,1
33410,66,-40,276,0
34034,90,-53,263,0
30362,66,-47,261,0
35217,61,-40,260,0
27384,58,-43,260,0
32469,149,-43,242,2
26422,133,-52,270,2
36523,139,-41,250,2
36428,130,-58,241,2
32972,89,-50,266,0
29858,87,-44,271,0
31885,65,-36,253,0
29448,56,-42,260,0
32668,112,-41,245,1
32196,115,-54,258,1
33994,110,-32,263,1
38560,111,-41,244,1
27929,94,-36,251,1
33441,95,-56,236,1
29753,69,-57,242,0
39270,104,-53,259,1
25178,108,-43,253,1
32612,88,-32,265,0
35265,92,-56,252,1
36988,81,-48,230,0
31357,112,-35,276,1
36321,105,-60,239,1
35222,67,-44,247,0
39874,143,-33,240,2
39676,60,-39,256,0
29789,62,-57,273,0
26369,86,-57,257,0
30273,82,-47,252,0
28655,117,-31,265,1
33175,122,-43,252,2
32981,129,-54,232,2
39356,61,-44,269,0
37776,120,-58,265,1
38063,116,-32,263,1
29933,110,-40,276,1
29845,144,-58,272,2
29218,126,-46,249,2
26358,102,-37,237,1
28634,96,-32,260,1
37352,134,-56,270,2
31214,68,-57,264,0
28334,138,-38,267,2
30234,116,-41,254,1
26088,63,-45,240,0
28828,148,-49,251,2
26223,129,-41,247,2
34216,53,-56,261,0
32006,74,-43,233,0
35319,125,-32,249,2
26701,112,-50,246,1
27021,103,-32,242,1
33195,129,-47,266,2
31779,119,-39,230,1
31092,103,-40,255,1
39998,119,-34,264,1
30254,101,-43,247,1
37790,116,-44,254,1
34846,119,-42,253,1
34278,98,-45,237,1
38196,96,-34,258,1
29482,100,-34,269,1
26674,137,-53,236,2
25848,135,-44,238,2
31328,71,-43,240,0
35986,62,-55,233,0
39674,82,-49,278,0
36396,88,-52,267,0
26715,59,-50,267,0
37358,132,-55,263,2
37226,121,-34,268,2
31981,106,-32,230,1
33260,130,-58,263,2
27701,144,-46,271,2
33802,70,-60,242,0
37300,148,-45,278,2
27969,130,-54,274,2
27997,65,-44,251,0
35802,71,-32,239,0
26412,147,-35,270,2
33098,101,-33,259,1
26090,137,-54,257,2
36899,95,-45,264,1
31603,57,-37,268,0
31922,119,-54,244,1
28885,117,-38,254,1
33337,101,-36,240,1
27102,107,-50,241,1
27639,117,-46,263,1
35490,120,-34,264,1
35031,82,-41,273,0
32777,93,-55,279,1
34929,142,-51,250,2
29086,53,-40,259,0
25522,74,-32,259,0
28101,51,-35,262,0
33810,126,-46,251,2
26768,114,-38,273,1
30277,91,-35,257,1
31675,119,-37,249,1
30257,130,-41,245,2
32684,127,-55,237,2
38968,111,-54,230,1
36220,77,-53,251,0
30173,84,-33,231,0
26065,82,-51,268,0
27650,117,-38,253,1
29292,149,-41,235,2
31629,122,-35,278,2
38315,102,-58,243,1
33821,95,-60,260,1
33172,128,-31,230,2
35294,138,-36,234,2
36985,142,-44,242,2
32448,104,-36,243,1
30338,78,-59,232,0
39685,102,-41,237,1
30621,96,-51,244,1
28244,66,-53,246,0
29669,97,-31,237,1
27164,148,-58,243,2
38376,103,-51,235,1
35463,140,-54,244,2
29832,101,-44,257,1
26612,145,-38,231,2
37563,134,-55,278,2
33447,111,-55,261,1
39083,129,-45,274,2
37276,121,-55,272,2
28690,124,-53,259,2
29092,120,-39,278,1
26123,78,-35,260,0
32109,146,-58,251,2
39671,72,-60,274,0
37581,97,-56,278,1
28524,138,-44,270,2
30553,125,-55,265,2
28023,95,-56,261,1
36079,69,-58,250,0
39193,73,-51,254,0
32799,141,-51,251,2
30589,105,-59,253,1
25599,138,-58,250,2
31464,85,-45,243,0
26093,113,-58,253,1
35174,116,-42,248,1
35469,106,-56,278,1
27458,111,-36,275,1
25683,81,-41,249,0
28207,94,-36,238,1
31830,148,-46,255,2
27142,91,-46,270,1
33423,89,-38,253,0
26667,87,-36,267,0
37112,131,-39,261,2
29652,149,-47,234,2
30601,134,-59,267,2
29281,66,-51,231,0
37876,87,-41,253,0
29729,65,-48,244,0
37919,123,-43,244,2
25476,103,-54,238,1
26772,126,-36,240,2
33934,97,-37,250,1
37962,122,-47,279,2
37880,63,-38,278,0
27105,115,-36,261,1
28357,120,-45,244,1
31182,54,-31,230,0
38553,116,-35,263,1
35685,88,-32,278,0
25292,59,-52,262,0
33668,143,-36,245,2
29529,146,-44,234,2
31636,146,-31,278,2
36255,81,-53,232,0
37915,56,-54,264,0
35378,58,-54,277,0
28866,106,-33,244,1
31457,114,-60,248,1
38748,78,-53,233,0
36150,50,-58,277,0
34251,95,-52,238,1
32540,113,-32,251,1
25507,65,-55,258,0
25694,86,-56,248,0
29199,77,-53,252,0
31482,122,-59,263,2
29102,51,-55,273,0
39826,80,-42,249,0
26637,52,-53,272,0
39447,55,-37,238,0
36316,135,-33,261,2
35236,126,-34,258,2
30051,88,-48,250,0
32619,126,-46,231,2
30442,118,-55,251,1
39450,65,-39,263,0
25629,93,-35,244,1
30983,108,-33,265,1
26819,135,-46,231,2
33431,140,-35,262,2
29011,140,-57,244,2
28234,61,-59,230,0
34214,65,-44,246,0
39019,140,-44,272,2
38152,91,-41,239,1
31367,85,-42,268,0
38909,135,-33,268,2
34612,113,-34,279,1
36515,83,-60,242,0
34139,72,-45,237,0
34292,119,-34,248,1
34609,100,-51,255,1
34063,132,-43,260,2
33814,124,-40,258,2
35072,88,-57,254,0
37396,139,-40,257,2
30989,85,-55,235,0
27498,62,-34,266,0
35780,86,-58,245,0
26615,82,-53,272,0
32548,111,-41,231,1
30147,130,-60,251,2
39978,78,-31,253,0
34304,56,-53,249,0
35939,53,-40,249,0
35614,88,-34,243,0
34136,90,-52,264,0
31220,141,-58,232,2
31413,113,-44,273,1
26582,136,-48,270,2
39699,143,-48,240,2
30961,107,-54,277,1
37797,139,-33,269,2
